id_author	name_author
a/LAlJadir	Lina Al-Jadir
15/1594	Michel Léonard
a/PAtzeni	Paolo Atzeni
b/LadjelBellatreche	Ladjel Bellatreche
k/KKarlapalem	Kamalakar Karlapalem
181/2689-1	Qing Li 0001
b/SBergamaschi	Sonia Bergamaschi
s/ClaudioSartori	Claudio Sartori 0001
b/SSBhowmick	Sourav S. Bhowmick
n/WeeKeongNg	Wee Keong Ng
l/EePengLim	Ee-Peng Lim
80/7037	Bruce Campbell
c/SilvanaCastano	Silvana Castano
a/ValeriaDeAntonellis	Valeria De Antonellis
45/1072	Michele Melchiori
23/3970	Donatella Castelli
82/6985	Serena Pisani
e/DWEmbley	David W. Embley
c/DougCampbell	Douglas M. Campbell
64/2889	Y. S. Jiang
l/StephenWLiddle	Stephen W. Liddle
932679	Yiu-Kai Ng
q/DQuass	Dallan Quass
91/243	Randy D. Smith
61/2685	Thomas Feyer
s/KlausDieterSchewe	Klaus-Dieter Schewe
t/BernhardThalheim	Bernhard Thalheim
69/751	Tetsuya Furukawa
14/4955	Fei Sha II
13/5740	Antonio Grau
f/JulianaKusterFilipe	Juliana Küster Filipe
k/MojganKowsari	Mojgan Kowsari
e/SilkeEckstein	Silke Eckstein
97/5205	Ralf Pinger
e/HDEhrich	Hans-Dieter Ehrich
63/3599	Tao Guan
60/6348	Miao Liu
s/LawrenceVSaxton	Lawrence V. Saxton
-290701	Remigijus Gustas
75/6791	Eckhart von Hahn
p/BarbaraPaech	Barbara Paech
28/4088	Conrad Bock
h/SvenHartmann	Sven Hartmann
j/ManfredAJeusfeld	Manfred A. Jeusfeld
q/ChristophQuix	Christoph Quix
j/MatthiasJarke	Matthias Jarke
429343	Yong S. Jun
61/962	Eunji Hong
32/3382	Suk I. Yoo
46/985	Jae Young Lee
e/RamezElmasri	Ramez Elmasri
78/4406	Roger H. L. Chiang
l/MengchiLiu	Mengchi Liu
50/1160	Min Guo
19/3024	Daniel L. Moody
69/3476	Graeme G. Shanks
73/4633	Peta Darke
m/AllenMoulton	Allen Moulton
b/SBressan	Stéphane Bressan
m/StuartEMadnick	Stuart E. Madnick
46/1802	Michael D. Siegel
n/ShahrulAzmanNoah	Shahrul Azman Noah
69/7004	Michael Lloyd-Williams
p/OscarPastor	Oscar Pastor
29/4995	Vicente Pelechano
i/EmilioInsfran	Emilio Insfrán
47/943	Jaime Gómez
1638480	Mark Richters
g/MartinGogolla	Martin Gogolla
32/2487	Simon R. Rollinson
35/3261	Stuart A. Roberts
47/6046	Reinhard Schütte
79/5989	Thomas Rotthowe
28/2245	J. Sonderegger
44/4573	P. Petry
71/5536	J. L. Campos dos Santos
61/3913	N. F. Alves
43/4008	Christian Soutou
t/DimitriTheodoratos	Dimitri Theodoratos
s/TimosKSellis	Timos K. Sellis
57/2745	Olga De Troyer
86/314	Keyla Ahnizeret
156/1036	David Fernandes de Oliveira
29/1174	João M. B. Cavalcanti
m/EdlenoSilvadeMoura	Edleno Silva de Moura
s/ASdaSilva	Altigran Soares da Silva
b/BoualemBenatallah	Boualem Benatallah
c/FabioCasati	Fabio Casati
t/FaroukToumani	Farouk Toumani
1188532	Maria Bergholtz
20/1814	Prasad Jayaweera
j/PaulJohannesson	Paul Johannesson
-238136	Petia Wohed
58/576	Shawn Bowers
d/LMLDelcambre	Lois M. L. Delcambre
-316755	Paolo Bresciani
p/LorisPenserini	Loris Penserini
84/2138	Paolo Busetta
k/TKuflik	Tsvi Kuflik
18/948	Jordi Cabot
41/3374	Ruth Raventós
844167	Malú Castellanos
64/561	Ming-Chien Shan
14/2029	Yuan-Chi Chang
64/4678	Vamsavardhana R. Chillakuru
w/MinWang	Min Wang 0001
71/5257	Jordi Conesa
89/4942	Antoni Olivé
75/3344	Islay Davies
65/3279	Peter F. Green
r/MichaelRosemann	Michael Rosemann
95/5445	Stan Gallo
95/2413	János Demetrovics
73/11012	András J. Molnár
68/5409	Boudewijn F. van Dongen
a/WilMPvanderAalst	Wil M. P. van der Aalst
155746	Pascal van Eck
w/RoelWieringa	Roel J. Wieringa
g/JaapGordijn	Jaap Gordijn
1141293	Reema Al-Kamha
54/5057	Ajay Eppili
74/1928	Jyoti Jacob
37/4469	Alpa Sachde
c/SChakravarthy	Sharma Chakravarthy
23/2535-1	Hao Fan 0001
p/APoulovassilis	Alexandra Poulovassilis
71/5979	Xiaocong Fan
24/3477	Karthikeyan Umapathy
66/3108	John Yen
1502853	Sandeep Purao
f/EduardoFernandezMedina	Eduardo Fernández-Medina
50/2311	Juan Trujillo
33/2661	Rodolfo Villarroel
p/MPiattini	Mario Piattini
99/5874	Sergio Flesca
t/AndreaTagarelli	Andrea Tagarelli
23/1761	Like Gao
w/XiaoyangSeanWang	Xiaoyang Sean Wang
p/SPadmanabhan	Sriram Padmanabhan
g/FabioGrandi	Fabio Grandi
17/1770	Gianluigi Greco
91/2168	Domenico Lembo
06/298	Gongde Guo
39/721-1	Hui Wang 0001
b/DavidABell	David A. Bell
18/497	Zhining Liao
51/6972	Qi He
l/TokWangLing	Tok Wang Ling
89/6279	Margaret Hilsbos
s/IlYeolSong	Il-Yeol Song
60/2259	Stefan Holland
k/WKiessling	Werner Kießling
484769	Jeong Hee Hwang
42/5655	Keun Ho Ryu
22/852	San-Yih Hwang
95/3433	Haojun Wang
s/JaideepSrivastava	Jaideep Srivastava
83/6873	Raymond A. Paul
29/2643	Ole Guttorm Jensen
b/MichaelHBohlen	Michael H. Böhlen
60/5394	Dongkyu Kim
1057014	Juhnyoung Lee
67/5511	Sang-goo Lee
17/6212	Jernej Kovse
23/773	Christian Weber 0002
h/TheoHarder	Theo Härder
61/2115-1	Lin Liu 0001
33/5374	Eric S. K. Yu
63/2921	An Lu
n/WilfredNg	Wilfred Ng
l/SLujanMora	Sergio Luján-Mora
13/1242	Panos Vassiliadis
61/780	Anirban Mondal
k/MasaruKitsuregawa	Masaru Kitsuregawa
29/6675	Christopher Popfinger
65/2353	Cristian Pérez de Laborda
c/StefanConrad1	Stefan Conrad 0001
330272	Sandeep Prakash
m/SanjayKumarMadria	Sanjay Kumar Madria
55/3343	Naveen Prakash
55/6965	Yogesh Singh
72/2619	Anjana Gosain
87/5216	Li Qin
a/VAtluri	Vijayalakshmi Atluri
17/3798	Sudha Ram
24/4105	Wei Wei
466295	Marta Indulska
21/4899	Simone Santini
g/AmarnathGupta	Amarnath Gupta
71/6602	Don Goelman
51/6821	Nenad Stojanovic
62/4365	Ljiljana Stojanovic
41/1781	Veda C. Storey
60/1141	Arnon Sturm
71/1374	Iris Reinhartz-Berger
62/2800	Qingzhao Tan
442491	Yiping Ke
33/5488	Hee Beng Kuan Tan
65/2105	Yuan Zhao
52/6788	Jun Tang
94/3756	Dong Huang
82/4206-35	Chen Wang 0035
w/WeiWang9	Wei Wang 0009
s/BaileShi	Baile Shi
t/YannisTzitzikas	Yannis Tzitzikas
86/1157	Raimo Launonen
72/4824	Mika Hakkarainen
18/391	Pekka Korhonen
39/2637	Tero Leppänen
23/2699	Esko Simpanen
85/193	Hannu Törnroos
65/4573	Pekka Uusitalo
27/6599	Pentti Vänskä
85/4391	Rosario Uceda-Sosa
c/CindyXChen	Cindy X. Chen
32/2991	Kajal T. Claypool
1468001	Belén Vela
32/5663	César J. Acuña
m/EsperanzaMarcos	Esperanza Marcos
87/1950	Julien Velcin
g/JGGanascia	Jean-Gabriel Ganascia
27/6106	Sebastiano Vigna
45/6607-2	Ling Wang 0002
r/EARundensteiner	Elke A. Rundensteiner
68/6610	Limin Wang
20/5603	Senmiao Yuan
92/5001	Ling Li
71/2676	Haijun Li
69/3405-1	Fusheng Wang 0001
z/CZaniolo	Carlo Zaniolo
83/75	Stella Waworuntu
b/JamesBailey	James Bailey 0001
93/1743	Wanxia Wei
15/4924	Shijun Li
97/2966-1	Chang Xu 0001
c/SCCheung	Shing-Chi Cheung
00/5109	Xiangye Xiao
51/6976	Yuejin Yan
76/2866	Zhoujun Li
40/5536	Huowang Chen
55/6418	Adam Yeh
25/4628	Jonathan Tang
75/2083	Youxuan Jin
53/662	Sam Skrivan
43/4508	Xuede Zhan
30/2058	Huaikou Miao
z/DellZhang	Dell Zhang
92/6206	Xiaoling Wang
15/906	Yisheng Dong
25/929-2	Anna Bernasconi 0002
139/5684	Arif Canakoglu
c/StefanoCeri	Stefano Ceri
230/6733	Camila Zacché de Aguiar
32/4078	Ricardo de Almeida Falbo
72/3662	Vítor E. Silva Souza
66/7740	Ana Carolina Almeida
78/4279	Maria Luiza Machado Campos
b/FAraujoBaiao	Fernanda Araújo Baião
l/SLifschitz	Sérgio Lifschitz
198/9223	Rafael Pereira de Oliveira
s/DanielSchwabe	Daniel Schwabe
91/3408	João Paulo A. Almeida
11/78	Giancarlo Guizzardi
251/6055	Fernando A. Musso
37/7639	Victorio Albani de Carvalho
169/2246	Claudenir M. Fonseca
220/6783	Amine Abbad Andaloussi
251/6094	Jon Buch-Lorentsen
69/5139	Hugo A. López
66/10278	Tijs Slaats
96/2864	Barbara Weber
180/3905	Dina Bayomie
18/10493	Claudio Di Ciccio
20/3634	Marcello La Rosa
m/JanMendling	Jan Mendling
b/ABonifati	Angela Bonifati
81/2020	Peter Furniss
65/2807	Alastair Green
36/1754	Russ Harmer
236/4773	Eugenia Oshurko
19/1082	Hannes Voigt
142/8075	Dominik Bork
251/6001	Christine Schrüffer
45/1628	Dimitris Karagiannis
250/0503	Raphaëlle Bour
s/ChantalSouleDupuy	Chantal Soulé-Dupuy
82/5349	Nathalie Vallès-Parlangeau
116/5369	Loli Burgueño
-6756	Robert Clarisó
c/MarcoACasanova	Marco A. Casanova
c/PaoloCiaccia	Paolo Ciaccia
14/6896	Davide Martinenghi
t/RiccardoTorlone	Riccardo Torlone
13/2106	Dolors Costal
f/XavierFranch	Xavier Franch
22/2713	Lidia López
91/8213	Cristina Palomares
80/3358	Carme Quer
149/9260	Edson Ramiro Lucas Filho
53/2190	Eduardo Cunha de Almeida
s/StefanieScherzinger	Stefanie Scherzinger
251/6108	Cinthya Flório
33/6624	Maria Lencastre
46/5275	João Pimentel 0001
72/1322-1	João Araújo 0001
33/8219	Daniele Porello
65/6778	Nicola Guarino
121/6099	Qiao Gao
l/MongLiLee	Mong-Li Lee
135/0951	Luan Fonseca Garcia
121/5033	Joel Luis Carbonera
151/1055	Fabrício Henrique Rodrigues
230/6735	Cauã Antunes
a/MaraAbel	Mara Abel
181/8358	Corinna Giebler
116/6894	Christoph Gröger
150/7277	Eva Hoos
93/151	Holger Schwarz
m/BMitschang	Bernhard Mitschang
180/8353	Enyo Gonçalves
c/JBdCastro	Jaelson Castro
g/SergioGreco	Sergio Greco
28/168	Elio Masciari
s/DomenicoSacca	Domenico Saccà
1387467	Irina Trubitsyna
75/5043	Renata S. S. Guizzardi
181/7712	Anderson Bravalheri
134/4947	Tiago Prince Sales
23/5432	Dimitra Simeonidou
163/0801	Rihan Hai
23/2060	Dan Wang
215/0020	Hamdi Ben Hamadou
136/4315	Enrico Gallinucci
g/MatteoGolfarelli	Matteo Golfarelli
31/1317	Irena Holubová
91/6048	Martin Svoboda
l/JiahengLu	Jiaheng Lu
126/6006	Stephan Kühnel
138/4956	Simon Thanh-Nam Trang
122/3300	Sebastian Lindner
172/8809	Jan Ladleif
w/MathiasWeske	Mathias Weske
251/6230	Ana Lavalle
57/7352	Alejandro Maté
185/7953	Yeting Li
169/1187	Xiaoying Mou
75/248	Haiming Chen
251/6052	Qiao Liao
29/4724	Xiangmin Zhou
37/2233	Daling Wang
97/1374	Shi Feng
55/5266-3	Yifei Zhang 0003
91/4573	Sotirios Liaskos
229/9133	Wisal Tambosi
117/9303	Stephan Mennicke
202/6272	Mark Lukas Möller
k/MeikeKlettke	Meike Klettke
243/2338	Andrea Hillenbrand
82/1426	Uta Störl
248/6659	Joel Oduro-Afriyie
j/HasanMJamil	Hasan M. Jamil
40/3673	Chris Partridge
75/2195	Andrew Mitchell
59/5525	Sergio de Cesare
205/5972	Dalay Israel de Almeida Pereira
240/8231	Sana Debbech
128/0920	Matthieu Perin
128/8062	Philippe Bon
29/3283	Simon Collart Dutilleul
206/3288	Lucas Peres
131/5507	Ticiana L. Coelho da Silva
f/JAFernandesdeMacedo	José A. F. de Macêdo
182/6502	David Araújo
234/6009	Yassine Ramdane
83/5938	Nadia Kabachi
63/3490	Omar Boussaid
b/FadilaBentayeb	Fadila Bentayeb
150/5453	Pedro H. Piccoli Richetti
33/6173	Flávia Maria Santoro
h/ThomasTHildebrandt	Thomas T. Hildebrandt
187/6069	Dietrich Steinmetz
251/6164	Felix Merz
46/5778-1	Hui Ma 0001
239/8560	Viktoria Stenkova
132/3421	Jennifer Brings
2305837	Marian Daun
38/6814	Thorsten Weyer
33/4854	Yi Yang
81/9436-1	Da Yan 0001
52/6744	Shuigeng Zhou
235/2508	Guimu Guo
205/2117	Anton Yeshchenko
17/4121	Artem Polyvyanyy
23/4576	Birger Andersson
23/448	Ananda Edirisuriya
97/1206	Tharaka Ilayperuma
99/6742	Bertrand Grégoire
181/2668	Michael Schmitt
d/EricDubois1	Eric Dubois 0001
a/SAbels	Sven Abels
h/AHahn	Axel Hahn
71/6520	Benkt Wangler
70/260	Hans Weigand
62/2993	Claudia P. Ayala
69/1334	Carlo Batini
1202593	Daniele Barone
1341993	Manuel F. Garasi
62/1600	Gianluigi Viscusi
b/ABienemann	Alexander Bienemann
b/JBiskup	Joachim Biskup
41/310	Ralf Menzel
93/1543	Debmalya Biswas
v/KVidyasankar	K. Vidyasankar
79/2594	José A. Blakeley
69/3887	S. Muralidhar
85/3087	Anil Nori
c/SvenCasteleyn	Sven Casteleyn
35/1095	Peter Plessers
c/PPChen	Peter P. Chen
s/SamiraSiSaid	Samira Si-Said Cherfi
17/544	Jacky Akoka
c/IsabelleComynWattiau	Isabelle Comyn-Wattiau
55/3262	Enzo Colombo
m/JohnMylopoulos	John Mylopoulos
42/5204	Cristina Gómez
1805821	Vijay Khatri
66/626	Yair Wand
49/6209	Barbara Williams
w/CarsonCWoo	Carson C. Woo
34/4155	Mark Zozulia
d/ShuiguangDeng	ShuiGuang Deng
54/6252-1	Zhaohui Wu 0001
73/1446	Mengchu Zhou
22/1805-1	Ying Li 0001
96/2744-1	Jian Wu 0001
84/1458	Ce Dong
d/CEDyreson	Curtis E. Dyreson
s/RichardTSnodgrass	Richard T. Snodgrass
83/3958	Faiz Currim
22/5067	Sabah Currim
16/2055	Sergio España
97/5511	José Ignacio Panach
20/912	Inés Pederiva
67/3614	Claudio Masolo
64/2829	Stefano Borgo
34/6669	Kuiyu Chang
44/746	Ivan Jureta
69/1511	Stéphane Faulkner
27/3416	Pierre-Yves Schobbens
74/5609	Iris Vessey
l/ErwinLeonardi	Erwin Leonardi
81/2999	Zi Lin
h/BingshengHe	Bingsheng He
-123999	Byron Choi
16/1049	Ann Maes
72/6796	Geert Poels
40/3898	Jose-Norberto Mazón
13/4189	Jens Lechtenbörger
62/4946	Michael Mrissa
85/2269	Chirine Ghedira
b/DjamalBenslimane	Djamal Benslimane
1743609	Zakaria Maamar
50/3595	Sudarshan Murthy
m/DavidMaier	David Maier 0001
08/241	Pat G. O'Sullivan
w/DanielCWolfson	Dan Wolfson
81/5940	Jeffrey Parsons
878806	Andrew Burton-Jones
82/3796	Andrew Gemino
69/4452	Venkataraman Ramesh
82/6372	Anna Queralt
t/ErnestTeniente	Ernest Teniente
79/3065	Jolita Ralyté
41/4112	Per Backlund
56/5711	Harald Kühn
82/1141	Jan Recker
87/1853	Scott Renner
81/385	Peter Rittgen
r/CRolland	Colette Rolland
58/4444	Lee Scheffler
44/3090	Julian Seidenberg
91/4955	Alan L. Rector
79/5323	Kenneth P. Smith
66/4941	Ning Su
53/1820	James F. Terwilliger
62/11499	Judith Logan
47/3962	Thodoros Topaloglou
82/3990	Csaba Veres
40/5637	Ching-man Au Yeung
l/HofungLeung	Ho-fung Leung
35/3432	Xiaofei Zhao
70/2080	Zhiqiu Huang
26/304	James B. Behm
t/TobyJTeorey	Toby J. Teorey
17/906	Pierluigi San Pietro
13/1417	José Mauro Volkmer de Castilho
73/2997	Cristina De Castro
s/MariaRitaScalas	Maria Rita Scalas
39/1331	Terence M. Barron
13/6597	Jaroslaw A. Chudziak
16/2796	Henryk Rybinski
39/6984	James Vorbach
47/4039	Joost Dijkstra
75/6509	Eckhard D. Falkenberg
68/7019	Franca Garzotto
82/5623	Luca Mainetti
p/PaoloPaolini	Paolo Paolini
483065	Rudolf Herzig
d/GritDenker	Grit Denker
40/1161	Nikolaos Vlachantonis
57/5819	Iqbal A. Goralwalla
o/MTamerOzsu	M. Tamer Özsu
h/JeanLucHainaut	Jean-Luc Hainaut
91/1899	C. Tonneau
69/6894	M. Joris
87/2382	M. Chandelon
23/2072	W. David Hurley
78/4046	Peter Jaeschke
o/AndreasOberweis	Andreas Oberweis
s/WolffriedStucky	Wolffried Stucky
51/6969	Seung-Kyum Kim
68/5059	Jia-Ling Koh
c/ALPChen	Arbee L. P. Chen
l/AHFLaender	Alberto H. F. Laender
-97517	Donal J. Flynn
36/3146	Elisabeth Métais
58/4371	Jean-Noël Meunier
14/1411	Gilles Levreau
62/4840	Magdi M. A. Morsi
n/ShamkantBNavathe	Shamkant B. Navathe
94/2031	Badri Narasimhan
958519	Sundaresan Jayaraman
n/MoiraCNorrie	Moira C. Norrie
p/GPernul	Günther Pernul
w/WernerWiniwarter	Werner Winiwarter
t/AMinTjoa	A Min Tjoa
p/RJPeters	Randal J. Peters
89/68	Lissa F. Pollacia
65/6326	Otto Rauh
81/4166	Eberhard Stickel
r/JohnFRoddick	John F. Roddick
70/67	Noel G. Craske
03/544	Thomas J. Richards
91/167	Ellen Rose
s/ArieSegev	Arie Segev
19/6653	Peter Rosengren
84/6698	Ulf Wingstedt
32/777	Marie Bern
85/3145	Peeter Kool
s/GiuseppeSantucci	Giuseppe Santucci
b/GiuseppeDiBattista	Giuseppe Di Battista
16/1103	Trevor H. Jones
61/6962	Phillip M. Steele
z/ArkadyBZaslavsky	Arkady B. Zaslavsky
66/4926	Robert C. Goldstein
25/6332	Debabrata Dey
35/3070	Linda Berger
56/5132	Amândio Vaz Velho
87/1357	Rogério Carapuça
w/JefWijsen	Jef Wijsen
28/3712	Jacques Vandenbulcke
20/3106	Henke Olivie
84/285	Robert Winter 0001
79/4169	Show-Jane Yen
57/6951	Andreas Zamperoni
l/PerditaLohr	Perdita Löhr-Richter
77/6570	Margita Altus
72/561	Martin Steeg
a/AnastasiaAnalyti	Anastasia Analyti
s/NicolasSpyratos	Nicolas Spyratos
c/PConstantopoulos	Panos Constantopoulos
1040729	Lars Bækgaard
41/5733	Guglielmo Longobardi
78/5491	Simona Fornasiero
18/610	Anthony C. Bloesch
24/325	Terry A. Halpin
95/3763	Michael L. Brodie
c/WesleyWChu	Wesley W. Chu
93/4065	Guogen Zhang
89/6678	Maria-Ribera Sancho
19/4751	A. N. W. Dahanayake
35/6102	Henk G. Sol
d/JLGDietz	Jan L. G. Dietz
96/6022	Hercules Dalianis
90/3807	Sumit Sarkar
37/1786	Mohamed Mohsen Gammoudi
58/1082	Jerônimo D. Mendes
14/3823	Wilson S. Pinto
561411	Maokai Gong
38/3065	Louise Scott
30/3682	Yingping Xiao
o/RayOffen	Ray Offen
s/DuaneSzafron	Duane Szafron
90/4541	Uwe Hohenstein
97/4944	Volkmar Pleßer
h/TomasHruska	Tomas Hruska
51/791	Petr Kolencik
l/LingLiu	Ling Liu 0001
p/CaltonPu	Calton Pu
46/6017	Elzbieta Malinowski
m/PeterMcBrien	Peter McBrien
62/76	Vojislav B. Misic
63/5972	Simon Moser
95/6581	Ilias Petrounias
p/NPissinou	Niki Pissinou
40/3724	Kia Makki
90/4422	Mei Hong
63/5501	Lusheng Ji
55/3227	Ashok Kumar
s/MichaelSchrefl	Michael Schrefl
s/MarkusStumptner	Markus Stumptner
44099	Jun Sekine
59/6558	Atsushi Kitai
346677	Yoshihito Ooshima
52/248	Yasuhiro Oohara
-154648	Harald Ullrich
32/3909	Shankar Sundaresan
-277767	J. Patrick Thompson
26/518	John W. Sweitzer
01/568	Kitsana Waiyamai
43/378	Rafik Taouil
42/4726	Lotfi Lakhal
1187040	Daniel Wu
a/DivyakantAgrawal	Divyakant Agrawal
a/AmrElAbbadi	Amr El Abbadi
s/AmbujKSingh	Ambuj K. Singh
74/2144	Lester Yee
32/330	Cheng Hsu
-292983	Carlos Blanco 0001
48/10140	Diego García-Saiz
71/2152	Jesús Peral
226/9545	Alejandro Oliver
226/9305	Shengwei Chen
74/2905	Yanyan Shen
1714847	Yanmin Zhu
c/CarloCombi	Carlo Combi
40/2273	Barbara Oliboni
159/9133	Francesca Zerbato
d/EDamiani	Ernesto Damiani
50/67	Fulvio Frati
172/7667	Prabhakar M. Dixit
v/HMWVerbeek	H. M. W. Verbeek
84/9961	Joos C. A. M. Buijs
182/7298	Bruno Borlini Duarte
d/GDobbie	Gillian Dobbie
09/10639	Zhong Zeng
55/1490	Abel Gómez
20/4565	Manuel Wimmer
159/3611	Paola Gómez
r/CRoncancio	Claudia Roncancio
99/6361	Rubby Casallas
168/0045	Cristine Griffo
40/6577	Alessander Botti Benevides
45/642	Long Guo
89/6013	Dongxiang Zhang
181/2817	Lei Wang
67/1771	Han Wang
55/5031	Bin Cui 0001
13/7044	David Kensche
206/6189	Moditha Hewasinghage
35431	Nacéra Bennacer Seghouani
42/734	Francesca Bugiotti
150/4976	Jovan Varga
88/2053	Alberto Abelló
82/2871	Esteban Zimányi
92/5983	Jennifer Horkoff
32/1584	Juho Lindman
14/5303	Imed Hammouda
k/EricKnauss	Eric Knauss
281663	Fuyuki Ishikawa
223/8304	Zongze Jin
1653851	Yun Zhang
223/7898	Weimin Mu
50/7663	Weiping Wang
98/4156	Hai Jin 0001
914477	P. Radha Krishna
63/5900	Massimiliano de Leoni
44/8399	Paolo Felli
85/1455	Marco Montali
75/6939	Xiaolan Zhang
32/34	Han Xu
226/9301	Lingting Lin
37/3102	Chen Lin
65/5319	Yongxuan Lai
m/WolfgangMaass2	Wolfgang Maass 0002
163/2176	Iaroslav Shcherbatyi
120/5512	Salvador Martínez
172/1984	Alexis Fouche
g/SebastienGerard	Sébastien Gérard
20/9709	Michael J. Mior
s/KennethSalem	Kenneth Salem
18/2190	Hoang Nguyen
d/MarlonDumas	Marlon Dumas
h/AHMterHofstede	Arthur H. M. ter Hofstede
20/1969	Chun Ouyang
176779	Michael Adams
46/2181	Yang Yu
201/2985	Ana León Palacio
24/5524	Juan Carlos Casamayor
226/9287	Amir Sakka
87/3974	Sandro Bimonte
151/1439	Lucile Sautot
52/4212	Guy Camilleri
16/6279	Pascale Zaraté
226/9308	Aurélien Besnard
191/1088	Mafalda Santos
146/4548	Catarina Gralha
00/6302	Miguel Goulão
226/9452	Daniel Dyballa
90/9961	Arava Tsoury
79/2229	Pnina Soffer
152/3885	Michaël Verdonck
94/6230	Robert Pergl
95/6356	Frederik Gailly
w/XiaoFanWang	Xiaofan Wang
226/9461	Yurui Wang
226/9468	Shanlei Mu
163/3996	Feiran Huang
98/6613	Wei Lu
40/3980	Yueguo Chen
34/4799	Xuan Wang
90/4994	Jingjing Zhang
25/1610	Jinchuan Chen
78/4413	Ju Fan
w/ScottNWoodfield	Scott N. Woodfield
226/9493	Spencer Seeger
226/9365	Samuel Litster
226/9451	Brenden Grace
191/5350	Munkh-Erdene Yadamjav
115/9072	Farhana Murtaza Choudhury
20/3716	Zhifeng Bao
s/HananSamet	Hanan Samet
97/3536	Peter H. Aiken
77/5615	Kathi Hogshead Davis
b/RicardoMeloBastos	Ricardo Melo Bastos
o/JosePalazzoMoreiradeOliveira	José Palazzo Moreira de Oliveira
52/617	Andreas Behm
g/AndreasGeppert	Andreas Geppert
d/KRDittrich	Klaus R. Dittrich
b/ZohraBellahsene	Zohra Bellahsene
b/PhilipABernstein	Philip A. Bernstein
64/18	Linda Bird
25/1023	Andrew Goodchild
60/4009	Michael H. Brackett
94/1083	Yinyan Cao
41/5390	George T. Heineman
e/REckstein	Rainer Conrad
37/5709	Dieter Scheffner
f/JCFreytag	Johann Christoph Freytag
83/5688	Markus Eggersmann
67/3902	Claudia Krobb
76/881	Wolfgang Marquardt
f/EBFernandez	Eduardo B. Fernández
32/3209	Xiaohong Yuan
73/1125	Alex Friedgan
g/MarcelaGenero	Marcela Genero
45/5802	Luis Jiménez
g/DinaQGoldin	Dina Q. Goldin
45/990	Srinath Srinivasa
w/CAWelty	Christopher A. Welty
29/3564	Takako Hashimoto
89/5142	Yukari Shirota
95/154	Atsushi Iizawa
90/1626	Hideko S. Kunii
44/1722	David C. Hay
57/1248	Steve Hitchman
k/GKappel	Gerti Kappel
50/1096	Elisabeth Kapsammer
46/172	Stefan Rausch-Schott
r/WRetschitzegger	Werner Retschitzegger
k/ChristophKoch	Christoph Koch 0001
47/3826	Zsolt Kovacs
77/480	Jean-Marie Le Goff
75/860	Richard McClatchey
p/PaoloPetta	Paolo Petta
94/1806	Tony Solomonides
l/DongwonLee	Dongwon Lee 0001
39/1501	Wenlei Mao
54/503	Thomas Lehmann
m/STMarch	Salvatore T. March
m/SergeyMelnik	Sergey Melnik 0001
z/JLeonZhao	J. Leon Zhao
78/4516	Jesús García Molina
s/MariaJoseOrtinIbanez	María-José Ortín-Ibáñez
14/4639	Begoña Moros
97/976	Joaquín Nicolás
741230	José Ambrosio Toval Álvarez
37/5904	Renate Motschnig-Pitrik
g/PaoloGiorgini	Paolo Giorgini
56/6676	Txomin Nieva
w/AWegmann	Alain Wegmann
o/MouradChabaneOussalah	Chabane Oussalah
s/AbdelhakDjamelSeriai	Abdelhak Seriai
42/2987	Guido Dedene
s/WasimSadiq	Wasim Sadiq
o/MariaEOrlowska	Maria E. Orlowska
72/2315	Hideki Sato
29/5712	Akifumi Makinouchi
32/5015	Arvind D. Shah
70/2587	Monique Snoeck
77/1471	Stephan Poelmans
95/5248	Nigel Stanger
93/5507	Elaine Stricklett
67/4024	Duc A. Tran
233/0688	Kien A. Hua
1127626	Khanh Vu
167/4929	Karina Abad
185/3978	Wilson Pérez
45/2515	Juan Pablo Carvallo 0001
152/3876	Okhaide Akhigbe
207/8901	Susie Heap
207/8898	Sakib Islam
a/DanielAmyot	Daniel Amyot
207/8874	Norah Alothman
207/8869	Mehrnaz Zhian
131/3511	Kimon Batoulis
166/5500	Stephan Haarmann
73/1805	Alessandro Campi
32/1035	Marco Masseroli
173/0186	Andreea Buga
201/2818	Sorana Tania Nemes
41/5716	Thomas Chatain
52/5368	Josep Carmona
77/4210	Rick Evertsz
138460	John Thangarajah
65/3966	Michael Papasimeon
162/8840	Xiu Susie Fang
s/QuanZSheng	Quan Z. Sheng
51/8330	Xianzhi Wang 0001
30/5025	Mahmoud Barhamgi
56/6651	Lina Yao
n/AnneHHNgu	Anne H. H. Ngu
204/1567	Christian Fischer-Pauzenberger
888818	Walter S. A. Schwaiger
131/3581	Mohamad Gharib
g/FaustoGiunchiglia	Fausto Giunchiglia
161/4517	Mattia Fumagalli
96/1516	Cesar Gonzalez-Perez
117/0754	Patricia Martín-Rodilla
42/559	C. Maria Keet
73/4908	Sonia Berman
135/5225	Fernando Macías
75/4962	Esther Guerra
l/JuandeLara	Juan de Lara
185/4856	Ana Cristina Marcén
17/4106	Francisca Pérez
67/4958	Carlos Cetina
30/6548	Aaron K. Massey
207/8911	Eric Holtgrefe
39/6042	Sepideh Ghanavati
146/2827	Jan-Christoph Kalo
b/WTBalke	Wolf-Tilo Balke
80/1914	Christoph Moser
96/8388	Robert Andrei Buchmann
85/897	Wilfrid Utz
125/0398	Nicolas Mundbrod
r/ManfredReichert	Manfred Reichert
06/11466	Alfonso Murolo
207/8859	Sybil Ehrensberger
207/8921	Zera Asani
150/7988	Xavier Oriol
91/91	Horst Pichler
e/JEder	Johann Eder
150/4990	Margareta Ciglic
00/7629	Luca Piras
2898566	Elda Paja
51/448	Thomas Polacsek
63/2473-1	Stéphanie Roussel 0001
201/5401	François Bouissiere
201/5409	Claude Cuiller
201/5373	Pierre-Eric Dereux
201/5449	Stéphane Kersuzan
58/8397	Tania Katell Roblot
l/SebastianLink	Sebastian Link
164/7207	Metta Santiputri
21/10044	Novarun Deb
207/8877	Muhammad Asjad Khan
g/AdityaKGhose	Aditya Ghose
75/4194	Hoa Khanh Dam
88/4552	Nabendu Chaki
54/2257	Suman Roy 0001
130/7732	Matt Selway
130/7659	Andreas Jordan
-196651	Jose Luis de la Vara
46/187	Beatriz Marín
22/9220	Clara Ayora
57/1676	Giovanni Giachetti
207/8906	Michail-Romanos Kolozoff
185/0063	Maria Zerva
35/3250	Apostolos V. Zarras
153/8034	Ziheng Wei
46/4291	Jiamou Liu
188/9636	Adriano Augusto
08/10352	Raffaele Conforti
35/3500	Giorgio Bruno
72/7119	Alexander Bock
f/UlrichFrank	Ulrich Frank
b/ABorgida	Alexander Borgida
t/DavidToman	David Toman
81/5447	Grant E. Weddell
37/8510	Scott Britell
163/0138	Pieta Brown
188/9861	Jeeva Ganesan
13/2962	Henning Köhler
188/9754	Tengyuan Cai
84/8126	Hongrong Cheng
64/3983	Jiaqing Luo
630197	Shijie Zhou
c/AndreaCali	Andrea Calì
134/1282	Evellin Cardoso
139/6939	Katsiaryna Labunets
00/203	Fabiano Dalpiaz
117/9939	Valerio Cosentino
60/7083	Javier Luis Cánovas Izquierdo
153/5130	Gwendal Daniel
s/GersonSunye	Gerson Sunyé
06/550	Nicolas Genon
65/5965	Gilles Perrouin
50/6119	Xavier Le Pallec
83/3086	Patrick Heymans
170/7436	Victor Herrero
r/OscarRomero	Oscar Romero 0001
82/185	Himanshu Jain
76/970	Bernd Neumayr
74/4217	Tsutomu Kobayashi
227487	Shinichi Honiden
171/6213	Elena Kuss
25/8214	Henrik Leopold
132/6986	Han van der Aa
50/5895	Heiner Stuckenschmidt
54/2034	Hajo A. Reijers
188/9619	Paola Lara
62/7321	Mario E. Sánchez
16/6118	Jorge Villalobos
133/1040	Thuy Ngoc Le
116/6118	Garm Lucassen
1840518	Jan Martijn E. M. van der Werf
b/SjaakBrinkkemper	Sjaak Brinkkemper
75/2556	Nuria Medina-Medina
57/5319	Zoraida Callejas
00/1299	Kawtar Benghazi Akhlaki
60/202	Manuel Noguera
16/7432	Soroosh Nalchigar
188/9525	Rajgopal Ramani
175/1448	Chi Mai Nguyen
73/5341	Roberto Sebastiani
158/5321	Alireza Ostovar
20/7670	Abderrahmane Maaradji
155/3030	Otto Parra
24/2943	Valentina Presutti
46/6111	Giorgia Lodi
50/9819	Andrea Giovanni Nuzzolese
28/6504	Aldo Gangemi
48/1099	Silvio Peroni
186/9743	Luigi Asprino
147/8229	Manuel A. Regueiro
76/6288	José Ramon Rios Viqueira
19/5940	Christoph Stasch
1322818	José A. Taboada
96/2875	Anna Zamansky
184/1794	José Fabián Reyes Román
83/2732	Francisco Valverde
90/11411	Frank Rosner
37/2076	Alexander Hinneburg
f/LyreneFernandesdS	Lyrene Fernandes da Silva
m/AnaMoreira	Ana Moreira 0001
44/2600	Vasco Amaral
86/5210	Janis Stirna
32/855	Jelena Zdravkovic
67/6123	Sagar Sunkle
92/1057	Deepali Kholkar
51/3678	Vinay Kulkarni
97/6505	Qing Wang
185/4320	Minjian Liu
24/3418	David Weber
188/9631	Jakub Szymanek
55/3763	Deryle W. Lonsdale
188/9656	Tae Woo Kim
188/9573	Christopher Almquist
133/1757	Marc van Zee
120/1924	Diana Marosin
47/4875	Floris Bex
61/3088	Nicola Zeni
188/9678	Elias A. Seid
28/9579	Priscila Engiel
23/10154	Silvia Ingolfo
t/YCTay	Y. C. Tay
82/8538	Jingbo Zhou
14/3678	Daniela S. Cruzes
137/2810	Audun Vennesland
60/4380	Marit Kjøsnes Natvig
137/2813	Ana Ma Martínez Ferrandis
35/2350	Renato Fileto
137/2816	Marcelo Krüger
89/5510	Nikos Pelekis
t/YannisTheodoridis	Yannis Theodoridis
84/4085	Chiara Renso
54/10650	Fabiano Francesconi
62/10352	Nadejda Alkhaldi
w/GerdWagner	Gerd Wagner 0001
90/64-1	Andreas Meyer 0001
45/5440	Brian Henderson-Sellers
82/1267	Tom McBride
l/GCLow	Graham Low
34/11440	Nico Herzberg
137/2786	Oleh Khovalko
k/RolandKaschek	Roland H. Kaschek
56/5594	Pablo Rubén Fillottrani
80/8676	David Knuplesch
75/5456	Linh Thao Ly
k/AkhilKumar	Akhil Kumar 0001
r/StefanieRinderle	Stefanie Rinderle-Ma
31/10003	Van Bao Tran Le
87/3758	Flavio Ferrarotti
99/4453	Huayu Wu 0001
04/11497	Luochen Li
51/4238	Kenneth Wai-Ting Leung
l/DikLunLee	Dik Lun Lee
69/10440	Yuchen Liu
45/4211-1	Shakil M. Khan 0001
79/906	Mikhail Soutchanski
52/980	Christoph Lofi
127/6233	Kinda El Maarry
53/9530	Roman Lukyanenko
137/2796	Petros Manousis
44/2379	George Papastefanatos
m/GMecca	Giansalvatore Mecca
42/5536	Guillem Rull
32/5873	Donatello Santoro
27/10220	Judith Michael
89/200	Heinrich C. Mayr
88/302	Nguyen Quoc Viet Hung
126/2542	Tri Kurniawan Wijaya
82/31-1	Zoltán Miklós 0001
a/KarlAberer	Karl Aberer
64/1366	Eliezer Levy
87/1973	Victor Shafran
g/AvigdorGal	Avigdor Gal
61/267	Matthias Weidlich
137/2793	Teo Chin Seng
137/2799	Alfred Wu
131/1200	Ben Roelens
119/3076	Iván Santiago
15/5055	Juan Manuel Vara
c/ValeriadeCastro	María Valeria de Castro
38/8291	Martin Schultz
34/2734	Alberto Siena
16/4754	Anna Perini
53/5222	Angelo Susi
54/5330-17	Jie Sun 0017
l/PLoucopoulos	Pericles Loucopoulos
32/3188	Liping Zhao
135/0552	Preecha Tangworakitthaworn
41/887	Lester Gilbert
w/GaryBWills	Gary B. Wills
94/8050	Albert Tort
p/JAPastorCollado	Joan Antoni Pastor
137/2834	Eitam Sheetrit
63/10471	Moisés Castelo Branco
70/4093	Michael Werner
98/9359	Ilona Wilmont
51/11055	Sytse Hengeveld
24/1493	Erik Barendsen
81/3805	Stijn Hoppenbrouwers
96/1121	Moe Thandar Wynn
137/2818	Zahirul Hoque
52/8530	Tilmann Zäschke
81/4741	Stefania Leone
137/2795	Tobias Gmünder
65/919	Hannu Kangassalo
t/RobertoTamassia	Roberto Tamassia
l/MLenzerini	Maurizio Lenzerini
34/3695	Lorenzo Cavedoni
t/PaoloTiberio	Paolo Tiberio
c/TCatarci	Tiziana Catarci
92/5765	Fabrizio Massimo Ferrara
43/6863	Ferda N. Civelek
d/ADogac	Asuman Dogac
s/StefanoSpaccapietra	Stefano Spaccapietra
88/6515	Ivar P. Groette
33/1887	Erik G. Nilsson
91/350	Henri Habrias
45/6894	Patrick Legrand
33/5403	Jacques Hagelstein
41/2449	André Rifaut
57/778	Frederick N. Springsteel
64/4387	Kyung-Chang Kim
86/2627-1	Won Kim 0001
89/5812	Darrell Woelk
32/4556	Alfred G. Dale
29/1358	Nelson Mendonça Mattos
07/226	Mahan K. Pillalamarri
98/2076	Maria Teresa Pazienza
p/JPokorny	Jaroslav Pokorný
67/1175	Ferdi Put
29/3747	Gaetano Santucci
93/4844	Rainer Melchert
78/6916	Po-Jen Chuang
51/3592	Veronica P. Tseng
57/3783	Michael V. Mannino
v/YannisVassiliou	Yannis Vassiliou
55/4637	Anat Aharoni
518	Raian Ali
54/323	Yuan An
89/5662	Lotfi Bejaoui
86/910	François Pinet
50/3708	Michel Schneider
29/850	Yvan Bédard
13/2336	Joshua S. Madin
80/6547	Mark P. Schildhauer
58/3467	Yi Cai
93/6472	Mark Roantree
93/1927	Alfio Ferrara
54/621	Stefano Montanelli
52/3603	Sara Degani
j/ChristianSJensen	Christian S. Jensen
86/196	Yuri A. Tijerino
1040272	Cui Tao
78/4419	Andrew Zitzelberger
90/6206	Vadim Ermolayev
34/6768	Natalya Keberle
97/5875	Wolf-Ekkehard Matzke
f/AntonioLFurtado	Antonio L. Furtado
b/SDJBarbosa	Simone Diniz Junqueira Barbosa
b/KarinKooganBreitman	Karin Koogan Breitman
1813948	Cristian Molinaro
h/ThomasHornung	Thomas Hornung 0001
k/AgnesKoschmider	Agnes Koschmider
l/GeorgLausen	Georg Lausen
92/6015	Xavier Burgués Illa
79/4493	Josep M. Ribó Balust
55/3465	Mizuho Iwaihara
883554	Kohei Murakami
a/GailJoonAhn	Gail-Joon Ahn
y/MasatoshiYoshikawa	Masatoshi Yoshikawa
96/1994-2	Lei Jiang 0002
40/5152	Nadzeya Kiyavitskaya
62/962	Travis D. Breaux
a/AnnieIAnton	Annie I. Antón
c/JamesRCordy	James R. Cordy
89/5557	Luisa Mich
l/GuoliangLi	Guoliang Li 0001
43/6576	Jianhua Feng
z/LizhuZhou	Lizhu Zhou
m/MuraliMani	Murali Mani
l/ChenLi12	Chen Li 0012
w/AndreasWombacher	Andreas Wombacher
55/2304	Lipyeow Lim
w/HaixunWang	Haixun Wang
623988	Ana M. Moreno
s/ASimitsis	Alkis Simitsis
34/4375	Jesús Pardillo
564667	Fernando Silva Parreiras
s/SteffenStaab	Steffen Staab
18/524	Simon Schenk
w/AndreasWinter	Andreas Winter 0001
94/4396	Haggai Roitman
21/2287	Florian Gottschalk
13/317	Khalid Saleem
117/6027	Andrew Charles Smith
r/NikosRizopoulos	Nikos Rizopoulos
55/6173	Ritu Khare
47/3938	Eran Toch
d/DovDori	Dov Dori
30/3693	Vincent Pijpers
32/4678	Lianne Bodenstaff
129/9136	Konstantinos Angelopoulos
08/10929	Katrin Braunschweig
48/2949	Maik Thiele
l/WLehner	Wolfgang Lehner
50/1751	Hugo Brunelière
124/9313	Jokin García Perez
57/10357	Oscar Cabrera
29/631	Jordi Marco
71/8598	Liu Chen
y/TingYu	Ting Yu
20/5419	Mirko Morandini
35/5212	Maria Carmela Annosi
1736820	Daniel Gross
169/2221	Lucía Méndez
146/4631	Mohammad Hossein Danesh
65867	Michael Derntl
124/9756	Petru Nicolaescu
118/3431	Stephan Erdtmann
k/RalfKlamma	Ralf Klamma
1445632	Yang Gu
120/7814	Felipe Pontes Guimarães
34/64	Genaína Nunes Rodrigues
20/833	Daniel Macêdo Batista
169/2290	Ariane Nunes Reis
137/8586	Regina Ticona Herrera
82/4336	Joe Tekli
c/RichardChbeir	Richard Chbeir
23/5534	Sébastien Laborie
137/8611	Irvin Dongo
137/8628	Renato Guzman
134/4808	Dan Ionita
150/9376	Jan-Willem Bullee
169/2222	Alexandr Vasenev
118/7450-1	Amin Jalali 0001
05/801	Fabrizio Maria Maggi
162/3246	Kenza Kellou-Menouer
-59867	Zoubida Kedad
26/2491	Walid Fdhila
91/6364	Alexei Lapouchnian
85/5485	Ziyang Liu
41/7076	Yichuang Cai
74/7863	Yi Shan
88/6466-1	Yi Chen 0001
270189	Chen Liu
00/11146	Mozhgan Memari
135/0754	Glaice Kelly Quirino
65/4688	Julio Cesar Nardi
97/7540	Monalessa Perini Barcellos
94/1328	Mario A. Bochicchio
68/606	Antonella Longo
67/6789	Marco Salvatore Zappatore
137/8670	Barbara Livieri
151/1107	José Antônio Tesser Poloni
f/CeciliaDiasFlores	Cecilia Dias Flores
151/1095	Liane Nanci Rotta
s/DiegoSevilla	Diego Sevilla Ruiz
169/2281	Severino Feliciano Morales
37/528	Fabiano Borges Ruy
166/8962	Cássio Chaves Reginato
135/0809	Victor Amorim dos Santos
169/2262	Xiong Wen
164/7189	Ayu Saraswati
09/252	Chee Fon Chang
50/5315	Wolfgang Mayer
89/733	Georg Grossmann
67/9961	Ornsiri Thonggoom
58/7390	Marina Tropmann-Frick
146/4555	Ioannis Skoulis
119/6386	Matthieu Vergne
56/4499	Liang Wang
47/1798-11	Liwei Wang 0011
40/1233	Zhiyong Peng
169/2275	Moritz Wilfer
1486963	Wee Siong Ng
65/6588	Alessandro Artale
f/EnricoFranconi	Enrico Franconi
b/MiraBalaban	Mira Balaban
s/PeretzShoval	Peretz Shoval
13/4914	Shermann S.-M. Chan
181/2689	Qing Li
81/3536	James Dullea
70/816	Heinz Frank
46/2581	Angelo E. M. Ciarlini
14/4136	Ibtissem Nafkha
59/1053	Zair Abdelouahab
47/3860	Taedong Han
h/MarittaHeisel	Maritta Heisel
97/2439	Jeanine Souquières
93/1423	Markus Kradolfer
l/ZLacroix	Zoé Lacroix
33/5461	Nadira Lammari
2648	Sin Yeung Lee
k/LeonidAKalinichenko	Leonid A. Kalinichenko
33/3824	Jana Lewerenz
62/527	Jacques Lonchamp
76/518	Andrew Flitman
c/JoseHilarioCanosCerda	José H. Canós
97/3810	Isidro Ramos
p/GPreuner	Günter Preuner
s/JoachimWSchmidt	Joachim W. Schmidt
76/4854	Hans-Werner Sehring
41/5908	Kerstin Schwarz
s/IngoSchmitt	Ingo Schmitt
t/CanTurker	Can Türker
h/MichaelHoding	Michael Höding
50/6607	Eyk Hildebrandt
32/5964	Sören Balko
s/GunterSaake	Gunter Saake
s/IoanaStanoi	Ioana Stanoi
98/4928	Vânia Maria Ponte Vidal
51/6689	Bernadette Farias Lóscio
61/10317	David Aguilera
90/766	Alexander Albrecht
n/FelixNaumann	Felix Naumann
14/9888	Soumaya Amdouni
24/2709	Allel HadjAli
06/997	Rim Faiz
91/4781	Parisa Ghodous
2771979	Stefan Anderlik
38/1209	Mohsen Asadi
67/5716	Dragan Gasevic
37/2425	Marek Hatala
b/NBolloju	Narasimha Bolloju
89/725	Chuan-Hoo Tan
61/8212	Mario Cervera
36/811	Manoli Albert
99/1046	Victoria Torres
83/3614	Estefanía Serral
83/4020	Pedro Valderas
76/2198	Umeshwar Dayal
119/6334	Joseph S. Park
51/6385	Byung-Joo Shin
e/RikEshuis	Rik Eshuis
38/2725	Pieter Van Gorp
09/546	Robson do Nascimento Fidalgo
119/6309	Elvis Maranhão De Souza
119/6319	Markus Guentert
44/5185-1	Matthias Kunze 0001
00/9016	Inma Hernández
2599098	Carlos R. Rivero
36/5917	David Ruiz 0001
73/3776	Rafael Corchuelo
87/7907	Constantin Houy
f/PeterFettke	Peter Fettke
l/PeterLoos	Peter Loos
04/3572-3	Md. Saiful Islam 0003
l/ChengfeiLiu	Chengfei Liu
97/4357	Rui Zhou 0001
24/279	Haridimos Kondylakis
89/6058	Dimitris Plexousakis
63/4774	Lam-Son Lê
23/3439	Sheng Li
70/2659	Junhu Wang
52/2483	Kewen Wang
41/3068	Jiang Li
13/844	Lior Limonad
65/5607	Pieter De Leenheer
96/1629	Mark H. Linehan
h/RichardHull	Rick Hull
47/4468	Roman Vaculín
l/NicolasLumineau	Nicolas Lumineau
-233998	Frédérique Laforest
21/300	Yann Gripay
p/JMPetit	Jean-Marc Petit
n/IreneNtoutsi	Eirini Ntoutsi
76/3486	Kostas Stefanidis
n/KjetilNorvag	Kjetil Nørvåg
k/HansPeterKriegel	Hans-Peter Kriegel
00/4818	Bernard J. Jansen
20/4349	Madhu C. Reddy
51/8415	Tomer Sagi
2031966	Yoones A. Sekhavat
97/6249	Serena Sorrentino
119/6331	Elena Parmiggiani
77/422	Jeannette Stark
1675186	Werner Esswein
63/7545	Antonio Villegas
51/6720	Roberto De Virgilio
33/4822	Yue Wang
19/6359	Hongsong Li
z/KennyQiliZhu	Kenny Qili Zhu
62/2631	Jingjing Wang
84/6394	Zhongyuan Wang
75/5657	Sivan Yogev
a/MEAdiba	Michel E. Adiba
54/5150	Nabiha Azar
87/4468	Etienne Pichat
92/3036	François Bodart
82/5564	Lynette I. Brady
97/5605	Christopher N. G. Dampney
36/1272	Antonia Elia
72/1440	John L. Carswell Jr.
57/3398	Ming-rui Li
81/6703	Th. Collet-Petitjean
57/1161	Ph. Delhaye
81/4974	B. Geubelle
93/2235	J. C. Jacquemin
84/5108	M. Moreau
85/4358	Willi Gotthard
l/PCLockemann	Peter C. Lockemann
33/3466	Filiz Eyupoglu
58/754	M. Erol Arkun
w/RolandWagner	Roland R. Wagner
55/1838	André Flory
35/6513	Uwe L. Haass
48/6838	Marc Junet
k/MartinLKersten	Martin L. Kersten
d/FrankDignum	Frank Dignum
87/3432	J. Boom
73/1433	Paul Lindgreen
l/UdoWLipeck	Udo W. Lipeck
32082	Karl Neumann
61/2668	Joobin Choobineh
27/5869	Jing Jang Hwang
m/RobertMeersman	Robert Meersman
59/4151	Mario Mees
13/1907	David S. Reiner
76/6757	Gretchen Brown
638415	Mark Friedell
00/4392	John Lehman
75/1769	Richard McKee
24/6030	Penny Rheingans
r/ArnonRosenthal	Arnon Rosenthal
04/289	Arnold Rochfeld
25/1644	Karen Ryan
34/655	James A. Larson
84/1444	Gary Schuldt
39/2909	Suzanne Sluizer
80/819	Stanley Lee
s/KSubieta	Kazimierz Subieta
15/2141	Marek Missala
60/357	H. Tardieu
2653520	Mohammad Alhaj
19/6931	Omar Bahy Badreddin
71/3370	Edna Braun
66/4246	Nick Cartwright
95/7650	Gregory Richards 0001
49/6874	Gunter Mussbacher
27/3959	Kokou Yétongnon
45/5424	Evandrino G. Barros
m/MirellaMouraMoro	Mirella M. Moro
12/10425	Marija Bjekovic
p/ErikProper	Henderik Alex Proper
29/154	Jean-Sébastien Sottet
c/LucaCabibbo	Luca Cabibbo
148/4287	Kala Fleming
61/5240	Komminist Weldemariam
126/8604	Llio Humphreys
53/6604	Guido Boella
1229743	Luigi Di Caro
41/5768	Livio Robaldo
t/LeendertWNvanderTorre	Leendert W. N. van der Torre
98/9023	Xianmang He
47/4826	Dong Li
152/3894	Yanni Hao
199/1925-1	Huahui Chen 0001
135/2727	Fatma Basak Aydemir
31/7637	Feng-Lin Li
29/3826-1	Tong Li 0001
90/5064-6	Jie Hu 0006
37/9792	Shuang Qiu
01/10335	Prudhvi Janga
1175625	Karen C. Davis
134/2355	Catherine P. Jayapandian
24/1211	Chien-Hung Chen
152/3867	Aman Dabir
134/2761	Samden D. Lhatoo
z/GQZhang1	Guo-Qiang Zhang 0001
62/2107	Satya Sanket Sahoo
p/HenriPrade	Henri Prade
z/XiaofangZhou	Xiaofang Zhou 0001
152/3883	Efthymia Kontogiannopoulou
10/5630-30	Xin Wang 0030
74/4330-1	Xuhui Li 0001
77/7652	Ruediger Glott
81/7652	Kirsten Haaland
130/7516	Yaping Luo
v/MarkvandenBrand	Mark van den Brand
36/8611	Luc Engelen
59/9836	Martijn Klabbers
2507847	Itzel Morales-Ramirez
56/10444	Christian Nieke
39/985	Ulrich Güntzer
74/10831	Henrique Prado Sousa
l/JCSdoPradoLeite	Julio Cesar Sampaio do Prado Leite
64/8065	Ioannis Chrysakis
21/5088	Giorgos Flouris
10/10154	Miguel A. Teruel
152/3860	Roberto Tardío
52/5696	Elena Navarro 0001
g/PascualGonzalez	Pascual González
313957	Rafael Muñoz-Terol
32/5495	Ye Tian
85/797	Guoray Cai
146/6199	Sandra Trullemans
322631	Beat Signer
82/8707	Antonio Maccioni
27/5665	Xiaowei Wang
182/7045	Peter Baumann
62/2441	C. Robert Carlson
23/4905	Wenguang Ji
1678992	Adarsh K. Arora
29/5731	Jürgen Diet
l/FHLochovsky	Frederick H. Lochovsky
75/1313	Esen A. Ozkarahan
284373	Scott B. Huffman
97/5297	Randal V. Zoeller
1140105	Katalin Kalman
k/WilliamKent	William Kent
k/LarryKerschberg	Larry Kerschberg
-296881	Richard Baum
48/2858	J. Hung
59/1541	Martin Kracker
n/ErichJNeuhold	Erich J. Neuhold
42/4651	Michel Kuntz
52/1842	Rafael Lazimy
37/5799	W. S. Luk
m/VMMarkowitz	Victor M. Markowitz
s/ArieShoshani	Arie Shoshani
1426152	M. Michels
96/2181	Satoshi Nishiyama
43/3354	Sadao Obana
94/6041	Christine Parent
88/5465	Hélène Rolin
951732	Claude Trépied
904981	Branka Tauzovich
83/334	Luiz Tucherman
38/5126	Pieter Bekaert
30/3876	Bert Van Nuffelen
b/MauriceBruynooghe	Maurice Bruynooghe
60/343	David Gilis
d/MarcDenecker	Marc Denecker
c/DiegoCalvanese	Diego Calvanese
g/GDGiacomo	Giuseppe De Giacomo
85/5901	Jun Chen
64/1361	Songting Chen
98/2818	Ya Bing Chen
23/2177	Kai Cheng
k/YahikoKambayashi	Yahiko Kambayashi
h/PCKHung	Patrick C. K. Hung
42/4256	Dickson K. W. Chiu
18/2419	Yu-Chi Wu
89/6536	Babak Hojabri
61/157	Charley Li
52/2731	Jack Fu
16/5077	Eleonora Nicchiarelli
44/2125	Luc Schneider
77/6294	Heinrich Herre
l/BertramLudascher	Bertram Ludäscher
62/2221	Maryann E. Martone
21/1813	Farshad Hakimpour
60/4216	Bowen Hui
k/MCAKlein	Michel C. A. Klein
49/4559	Atanas Kiryakov
18/6597	Damyan Ognyanov
31/4309	Dieter Fensel
l/ZehuaLiu	Zehua Liu
l/FeifeiLi	Feifei Li 0001
l/DavidLowe	David B. Lowe
217322	Alice Gu
s/GuttormSindre	Guttorm Sindre
33/379	Terje Brasethvik
s/ASolvberg	Arne Sølvberg
p/BarbaraPernici	Barbara Pernici
s/MonicaScannapieco	Monica Scannapieco
51/2726	Andrew Pletch
43/726	Chih-Yang Tsai
82/4786	Charles Matula
91/5172	Irna M. R. Evangelista Filha
19/6215	Fulvio Villanelli
95/4990	Gianluigi Caldiera
22/2567	P. Quitadamo
20/3918	T. C. Chiang
20/792	G. R. Rose
34/1279	Ilchoo Chung
56/3387	Fumio Nakamura
84/4101	Prabuddha De
47/183	Arun Sen
g/EhudGudes	Ehud Gudes
18/4151	Surya R. Dumpala
45/4002	Sudhir K. Arora
w/GioWiederhold	Gio Wiederhold
38/5313	Jerome M. Fox
48/3521	J. Carlos Goti
34/479	Claude R. Miller
-155287	James M. Sagawa
98/4297	Paulo A. S. Veloso
44/5898	Hai-Yann Hwang
k/RandyHKatz	Randy H. Katz
28/4334	Nathan Goodman
34/1938	Manfred R. Klopprogge
l/EwingLLusk	Ewing L. Lusk
22/339	Gene Petrie
o/RossAOverbeek	Ross A. Overbeek
30/6585	Harry M. Markowitz
73/247	Ashok Malhotra
48/2312	Donald P. Pazel
21/5771	William E. McCarthy
84/7024	Graham Gal
1067392	D. R. McGregor
1804878	J. R. Malone
13/4481	Matthew Morgenstern
51/3663	Yongxing Qi
15281	Hirotaka Sakai
31/6134	Hidefumi Kondo
26/5541	Zenshiro Kawasaki
86/697	V. W. Setzer
53/6300	René Lapyda
92/2967	Yves Tabourier
43/4480	Dominique Nanci
32/6415	Daniel Teichroew
64/5359	F. Germano
95/507	L. Silva
84/3060	Neil W. Webre
a/EvgueniaAltareva	Evguenia Altareva
b/MarcoBrambilla	Marco Brambilla 0001
35/6185	Michael Bryan
17/1696	Ali M. Tafreshi
66/6868	Vijayan Sugumaran
37/4833	Sandro Daniel Camillo
h/CarlosAHeuser	Carlos A. Heuser
82/6647	Ronaldo dos Santos Mello
31/3455	Michael J. Carey 0001
87/3851	Giuseppe Pozzi
19/2254	Katica Dimitrova
36/2755	Maged El-Sayed
d/AncaDobre	Anca Dobre
74/1069	Hugo Estrada
m/AliciaMartinezRebollar	Alicia Martínez
76/3474	Joan Fons
59/6145	Fabio Massacci
h/JMHick	Jean-Marc Hick
75/3925	Jinhui Jian
37/4431	Hong Su
34/1030	Su-Jeong Ko
h/JiaweiHan	Jiawei Han 0001
49/2793	Li Lu
64/146	Guoren Wang
m/ZongminMa	Z. M. Ma
l/ShiyongLu	Shiyong Lu
f/FarshadFotouhi	Farshad Fotouhi
72/4457	Richard Martin
r/ELRobertson	Edward L. Robertson
22/3377	Phillipa Oaks
42/5258	David Edmond
15/5183	Murray Spork
56/5118	James Odell
p/JianPei	Jian Pei
75/5487	Stefano Rizzi
b/ElisaBertino	Elisa Bertino
c/BarbaraCatania	Barbara Catania
99/5919	Maria Halkidi
t/ManolisTerrovitis	Manolis Terrovitis
v/MVazirgiannis	Michalis Vazirgiannis
33/5819	Euripides Vrachnos
14/331	Bipin C. Sakamuri
46/3527	Kalpdrum Passi
15/5754	Eric Chaudhry
85/6670	Mukesh K. Mohania
97/6624	Mark S. Schmalz
h/JoachimHammer	Joachim Hammer
w/MingxiWu	Mingxi Wu
32/6582	Oguzhan Topsakal
387768	Tatiana Semenova
s/JHShim	Junho Shim
87/2723-2	Seungjin Lee 0002
85/5268	Chisu Wu
956358	Keiko Shimazu
36617	Atsuhito Momma
51/1960	Koichi Furukawa
24/4999	Sachin Singh
34/201	Pravin Vajirkar
14/1589	Yugyung Lee
89791	Naiyana Tansalarak
18/5542	Theodore Dalamagas
80/6580	Carlo Meghini
43/4928	Tianqiu Wang
62/5690	Xia Yang
47/366	Ateret Anaby-Tavor
46/7055	David Amid
541108	Amit Fisher
76/3064	Harold Ossher
33/3184	Rachel K. E. Bellamy
79/7056	Matthew Callery
78/574	Michael Desmond
18/5667	Sophia Krasikov
44/5251	Tova Roth
75/5785	Ian Simmonds
81/7057	Jacqueline de Vries
b/JorgBecker	Jörg Becker 0001
d/PatrickDelfmann	Patrick Delfmann
16/3258	Sebastian Herwig
29/3442	Lukasz Lis
43/4353	Armin Stein
73/6114	Michael Grossniklaus
g/GeorgGottlob	Georg Gottlob
89/5672	Andreas Pieris
55/7524	Tanara Lauschner
75/6273	Luiz André P. Paes Leme
897219	Florian Daniel
24/1348	Richard Dapoigny
53/271	Patrick Barlatier
91/1565	Golnaz Elahi
93/4627	Nicola Zannone
59/3711	Irene Garrigós
67/4705	Romans Kasperovics
59/6952	Johann Gamper
77/5842	Alexandre de Spindler
62/5360	Kafui Monu
36/4677	Hamid R. Motahari Nezhad
96/7524	Bryan Stephenson
417413	Sharad Singhal
27/7525	Andrea Presa
v/YannisVelegrakis	Yannis Velegrakis
98/2201	Flavio Rizzolo
62/7525	Siarhei Bykau
75/441	Krishnan Ramanathan
68/7525	Komal Kapoor
44/7524	Olle Regardt
32/7471	Lars Rönnbäck
142/2842	Walter Abrahão dos Santos
92/7526	Bruno B. F. Leonor
32/2517	Stephan Stephany
151758	Maciej Gawinecki
60/3612	Laura Po
59/5239	Aditya Telang
14/3692	Chengkai Li
28/1886	Paolo Cappellari
31/7525	Michele Miscione
00/5119	D. Ackley
24/1492	R. P. Carasik
69/1628	T. Soon
91/1155	D. Tyron
53/6213	E. Tsou
t/ShalomTsur	Shalom Tsur
b/MBouzeghoub	Mokrane Bouzeghoub
b/ChristianBreiteneder	Christian Breiteneder
57/4535	Thomas A. Mück
31/6315	Joël Brunet
65/2577	Corine Cauvet
64/346	Louis Lasoudris
c/RichardCooper	Richard Cooper
60/693	Ihab El-Assal
75/6547	Vram Kouramajian
h/AHeuer	Andreas Heuer 0001
72/2565	Jürgen Fuchs
51/6673	U. Wiebking
e/GregorEngels	Gregor Engels
k/AlfonsKemper	Alfons Kemper
m/GuidoMoerkotte	Guido Moerkotte
w/HansDirkWalter	Hans-Dirk Walter
16/4140	Stefan M. Lang
177449	Ken DeJong
68/3439	Anthony Waisanen
11/663	Jong P. Yoon
37/987	Isaac Huang
-322782	Karen Eisgruber
00/3491	Brad Utz
88/4910	Jean Philippe Lagrange
67/5787	J. Morejon
93/6144	R. Oudrhiri
94/626	M. De Gaudemont
99/4421	Pascal Negros
35/184	Seong Geum
65/773	Dinesh K. Desai
l/HermanLam	Herman Lam
58/1177	Jyrki Nummenmaa
69/2508	J. Tuomi
170813	Simon Sabbagh
425753	Christian A. Wieland
73/503	John Winans
71/4551	Jianhua Zhu
21/6500	Rodolphe Nassif
40/906	Pankaj Goyal
194/0799	Pamela A. Drew
56/2726	Bertil Askelid
63/3780	Clare Atkins
44/5607	Ahmad Baraani-Dastjerdi
p/JosefPieprzyk	Josef Pieprzyk
s/ReihanehSafaviNaini	Reihaneh Safavi-Naini
g/JanuszRGetta	Janusz R. Getta
54/3909	Mourad Bouneffa
64/537	Nacer Boudjlida
28/5195	J. F. M. Burg
r/RPvandeRiet	Reind P. van de Riet
61/5694	Michael Johnson
18/2744	Zinovy Diskin
00/849	Boris Cadish
28/4530	Ernst Ellmer
74/3785	Christian Huemer
m/DieterMerkl	Dieter Merkl
89/2972	Chi-Wai Fung
e/OEtzion	Opher Etzion
m/LAMaciaszek	Leszek A. Maciaszek
g/VolkerGruhn	Volker Gruhn
48/4069	Claus Pahl
25/5150	Monika Wever
56/3145	Jaejoo Ha
85/5458	Kwangsub Jeong
66/5269	Seunghwan Kim
1591729	Sunyoung Choi
97/1441	Padmini Srinivasan Hands
35/6106	Anand Srinivasan
38/658	Gerard M. Vignes
h/IgorHawryszkiewycz	Igor Hawryszkiewycz
j/StanJarzabek	Stan Jarzabek
16/2546	John L. Knapp
g/MichaelGertz	Michael Gertz
54/598	H. E. Michelsen
51/4374	Rokia Missaoui
71/3938	Jean-Marc Gagnon
49/6980	Robert Godin
181/2829-4	Ian Mitchell 0004
155/8642	R. Ian Ferguson
36/6907	Norman Parrington
474603	Yong-Chul Oh
85/2861	Motoshi Saeki
46/1615	Dan Tasker
t/MTeisseire	Maguelonne Teisseire
76/535	Sven Thelemann
1157425	Don Tonkin
92/912	Bhuvan Unhelkar
35/6489	John R. Venable
g/JohnCGrundy	John C. Grundy
88/1027	Mark W. W. Vermeer
a/PeterMGApers	Peter M. G. Apers
w/MarianneWinslett	Marianne Winslett
98/2859	Muhammed Al-Muhammed
23/2641	Martin Bierbaumer
41/5361	Isabel Díaz
86/1360	Juan Sánchez
57/1712	Alfredo Matteo
43/3562	Magali Duboisset
67/6350	Myoung-Ah Kang
48/6755	Luis González-Jiménez
78/245	Sari Hakkarainen
s/DarijusStrasunskas	Darijus Strasunskas
76/2419	Lillian Hella
58/4316	Stine Tuxen
w/TPvanderWeide	Theo P. van der Weide
466598	John Horner
34/5969	Matteo Magnani
69/5578	Danilo Montesi
84/2392	Adriana Pereira de Medeiros
36/3530	Bruno Feijó
58/5370	Haralambos Mouratidis
84/7025	Michael Weiss 0001
29/5574	Rajagopal Rajugan
c/ElizabethChang	Elizabeth Chang 0001
25/4706	Tharam S. Dillon
58/4464	Ling Feng
98/2860	Neil A. M. Maiden
26/3281	Rébecca Deneckère
c/ManuelCaeiro	Manuel Caeiro Rodríguez
l/MartinLlamasNistal	Martín Llamas Nistal
25/3809	Luis E. Anido-Rifón
65/1407	Nick Russell
s/MarkusSchneider1	Markus Schneider 0001
42/3942	Thomas Behr
91/4230	G. Lily Chen
1218817	Spiros Skiadopoulos
76/6130	Eric Andonoff
h/GillesHubert	Gilles Hubert
92/3354	Annig Le Parc
96/3758	Gilles Zurfluh
91/5139	Charles W. Bachman
41/2656	Torsten Polle
26/5086	Yehoshua Sagiv
40/6612	Wolfram Clauß
e/JurgenEbert	Jürgen Ebert
00/5091	Peter Dahm
11/761	Angelika Franzke
44/4112	Roger Süttenbach
53/544	Love Ekenberg
e/VEnglebert	Vincent Englebert
h/JeanHenrard	Jean Henrard
33/6806	Didier Roland
89/3958	Jayantha Rajapakse
83/4296	Jongho Won
393094	Ronald Maier
36/3992	Pierre Maret
p/JMPinon	Jean-Marie Pinon
m/WaiYinMok	Wai Yin Mok
s/AndreasSteiner	Andreas Steiner
40/4101	Alain Würgler
w/MartinWunderli	Martin Wunderli
o/ErichOrtner	Erich Ortner
45/2020	Bruno Schienmann
79/4648	Bettina Schewe
88/549	A. Yahia
c/RosineCicchetti	Rosine Cicchetti
34/3506	Jean-Pierre Bordat
39/5094	Biswajit Acharya
59/487	Arun K. Majumdar
21/3522	Jayanta Mukherjee 0001
77/347	Nicolas Prat
48/2035	Manuel J. Fernández Iglesias
86/1257	Judith S. Rodríguez
19/6596	Juan Manuel Santos
b/LaureBertiEquille	Laure Berti-Équille
77/6880	Virginie Detienne
d/MartinDoerr	Martin Doerr
88/4397	Chryssoyla Bekiari
85/2168	Li Xu
75/6793	Joerg Evermann
14/1746	Tony Griffiths
f/AAAFernandes	Alvaro A. A. Fernandes
p/NWPaton	Norman W. Paton
24/2780	Keith T. Mason
95/6229-1	Bo Huang 0001
w/MichaelFWorboys	Michael F. Worboys
28/4808	Seokjin Hong
95/2843	Byoungho Song
58/2763	Sukho Lee
01/758	Takashi Honishi
29/1261	Gengo Suzuki
70/750	Nobuyuki Kobayashi
58/5889	Kazuya Konishi
79/5132	Hajime Horiuchi
37/4719	Masaharu Obayashi
98/3270	Yoshihide Nagase
i/YoshiharuIshikawa	Yoshiharu Ishikawa
k/HiroyukiKitagawa	Hiroyuki Kitagawa
22/686	Eunsook Jin
22/6918	Jungmin Seo
22/6722	Kwangjoon Lee
67/4145	Ju-Won Song
77/1090	Ajay R. Dani
62/4022	Peter Kraft
96/4244	Jens Otto Sørensen
60/6144	Takayuki Kunieda
39/1814	Yuki Wakita
18/2409	Markus Lepper
27/1335	Baltasar Trancón y Widemann
45/3511	Jacob Wieland
m/RichardRMuntz	Richard R. Muntz
15/3523	Yoshihiro Nakanishi
38/2735	Tatsuo Hirose
44/3648	Katsumi Tanaka
39/6409	Tatsuo Oba
87/3960	Wei-Tek Tsai
13/2692	Bing Li
67/2196	Xiaoying Bai
82/2496	Ahmed Lbath
46/6694	Rosanne Price
t/NectariaTryfona	Nectaria Tryfona
p/TorstenPriebe	Torsten Priebe
1354137	Yousub Hwang
61/8235	Patricia Rodríguez-Gianolli
s/SWSadiq	Shazia W. Sadiq
91/3707	Kuldar Taveter
72/1463	Abdel-Rahman H. Tawil
f/NJFiddian	N. J. Fiddian
g/WAGray	W. A. Gray
d/ADusterhoft	Antje Düsterhöft
65/3129	Manos Stavropoulos
22/1805	Ying Li
57/8677	Yazmin Angélica Ibáñez-García
601799	Roman Kontchakov
58/3023	Vladislav Ryzhikov
z/MZakharyaschev	Michael Zakharyaschev
38/3009	Norbert Baumgartner
79/873	Wolfgang Gottesheim
61/5931	Stefan Mitsch
49/2059	Wieland Schwinger
c/AnthonyCleve	Anthony Cleve
1208529	Anne-France Brogneaux
37/6104	Amit K. Chopra
85/2842	Fabien Duchateau
68/3691	Neil A. Ernst
454668	Angélica García Gutiérrez
28/8326	Dragan Ivanovic
62/67	Martin Treiber
72/789	Manuel Carro
d/SDustdar	Schahram Dustdar
33/5200	Holger Pfeifer
d/PDadam	Peter Dadam
18/2615	Elena Kornyshova
95/3736-27	Jun Liu 0027
05/407	Gerard Marks
87/4649-1	John Murphy 0001
00/1125	Rick Salay
38/8426	Giampaolo Armellin
64/6316	Gianluca Mameli
s/SergeySmirnov2	Sergey Smirnov 0002
d/RemcoMDijkman	Remco M. Dijkman
2288763	Adi Unnithan
w/KevinWilkinson	Kevin Wilkinson
16/8675	You Wu
34/6352	Lamia Abo Zaid
59/3214	Frederic Kleinermann
l/XiangLi2	Xiang Li 0002
h/XiaohuaHu	Xiaohua Hu
248/0531	Ahmed Awad 0001
s/SherifSakr	Sherif Sakr
g/FrancescoGuerra	Francesco Guerra 0001
60/10315	Silvia Rota
43/7294	Lucia Castro
13/1231	Kathrin Figl
74/1762	Sonja Kabicher
52/4267	Simone Kriglstein
l/MayaLincoln	Maya Lincoln
1707266	Tobias Kowatsch
80/10317	Yulkeidi Martínez
97/1452	Cristina Cachero
47/1654	Maristella Matera
a/SilviaMaraAbrahao	Silvia Abrahão
78/10315	Alexander Nielen
51/10316	Denise Költer
46/10317	Susanne Mütze-Niewöhner
57/6055	Jürgen Karla
00/5003	Christopher M. Schlick
59/8433	Rajwinder Kaur Panesar-Walawege
25/6367	Mehrdad Sabetzadeh
93/1501	Lionel C. Briand
61/1152	Nauman A. Qureshi
91/3702	Luca Sabatucci
74/4891	Elena Planas
85/6716	Elisa Quintarelli
63/10316	Emanuele Rabosio
t/LetiziaTanca	Letizia Tanca
48/3718	Ravi Ramdoyal
63/5160	Patrício de Alencar Silva
l/VLopezJaquero	Víctor López-Jaquero
89/5013	Francisco Montero Simarro
97/6505-2	Qing Wang 0002
42/2822	G. Degli Antoni
79/4374	Giancarlo Mauri
32/4302	Bruna Zonta
71/6101	Hiroshi Arisawa
99/404	Robert Balzer
82/946	R. R. Brown
1137548	T. L. Ramey
c/AFCardenas	Alfonso F. Cardenas
87/1140	Mir Hamid Pirahesh
c/EPFChan	Edward P. F. Chan
18/1306	F. R. Bergeron
1419547	V. T. To
906259	R. A. Davenport
56/2978	Christian Esculier
69/6929	A. M. Glorieux
61/6855	James P. Fry
46/56	Neil M. Goldman
36/293	David S. Wile
17/1758	H. Hsu
r/NickRoussopoulos	Nick Roussopoulos
53/4258	J. Iossiphidis
02/588	Beverly K. Kahn
96/4044	J. M. Kemeny
848764	Anthony C. Klug
99/3322	Benn R. Konsynski
76/4837	A. Z. Lieberman
00/4611	Y. Edmund Lien
91/5932	D. McCue
55/981	G. Poonen
m/EphraimRMcLean	Ephraim R. McLean
m/DennisMcLeod	Dennis McLeod
64/2075	Roger King
67/6877	Michel A. Melkanoff
30/4111	Rudolf Munz
30/5754	Peter A. Ng
22/5760	J. F. Paul
s/CSdSantos	Clesio Saraiva dos Santos
s/StanleyYWSu	Stanley Y. W. Su
14/2647	Der Her Lo
97/493	D. Pascot
65/1669	H. Heckroth
97/3574	Joseph J. Tardo
73/3476	P. Macasovic
26/4284	E. A. Hershey
954228	Y. Yamamoto
68/3337	T. C. Ting
19/1220	P. Ting
88/1461	D. Chai
62/971	Edwin E. Tozer
21/2180	J. H. Tsao
95/100	Masaaki Tsubaki
15/1444	Ryosuke Hotaka
83/249	M. L. Wilson
95/2864	Eugene Wong 0001
77/385	Raymond T. Yeh
15/6603	Philip Chang
50/5114	Aziz Ait-Braham
23/5644	Babis Theodoulidis
47/3954	George Karvelis
38/439	Martin Andersson
77/5283	Elena Baralis
05/600	Stefano Paraboschi
b/NickBassiliades	Nick Bassiliades
v/IoannisPVlahavas	Ioannis P. Vlahavas
84/6897	Zhenzhou Qin
29/5888	Guido Dinkhoff
59/1747	Armin Saalmann
85/569	Michael Zielonka
49/3334	Yann Dupont
31/3429	Mohammad Davarpanah Jazi
89/5569	Munish Gandhi
g/DirkVanGucht	Dirk Van Gucht
58/2646	Peter Hartel
1535297	Ralf Jungclaus
71/5380	Uwe A. Johnen
14/1323	Stefan Preishuber
00/4331	E. Pröll
90/4062	Christian Gierlinger
46/821	Pit Koon Teo
23/991	Chien-Tsai Liu
c/PKChrysanthis	Panos K. Chrysanthis
c/ShiKuoChang	Shi-Kuo Chang
00/4898	Naïma Nagui-Raïss
64/137	Hidekazu Nakawatase
61/2520	Masashi Yamamuro
67/2111	Mitsuru Kawashimo
4719	Masaru Nakagawa
p/MPPapazoglou	Mike P. Papazoglou
k/BJKramer	Bernd J. Krämer
01/458	Athman Bouguettaya
672565	Jacques Kouloumdjian
b/JFBoulicaut	Jean-François Boulicaut
33/5839	Oreste Signore
90/4018	Mario Loffredo
76/3563	Mauro Gregori
-245716	Marco Cima
35/156	Terence R. Smith
s/JWSu	Jianwen Su
26/1025	Amitabh Saran
t/ZahirTari	Zahir Tari
181/2710	Xue Li
20/498	Xian Ye
51/4448	Sabah S. Al-Fedaghi
60/4482	Mack W. Alford
31/5534	Richard Atkins
40/5345	Enzo Carboni
b/BKBhargava	Bharat K. Bhargava
31/5242	Leszek Lilien
j/SushilJajodia	Sushil Jajodia
17/5487	Kenmore S. Brathwaite
82/4364	E. David Callender
29/5582	Yuzo Yamamoto
42/4029	D. B. Childs
61/2084	Jose E. Amaral de Sa
592515	John L. Cuadrado
277677	Michael Hinkey
75/6951	Mark Gaertner
53/2502	Adolph D'Cunha
t/ThiruvengadamRadhakrishnan	Thiruvengadam Radhakrishnan
30/6281	George Fucik
1729091	James F. Fullerton
58/728	Albert H. Stone III
90/4353	David A. Hartschuh
15/3765	Juhani Iivari
86/7036	Erkki Koskela
k/BrianKnight	Brian Knight
66/3197	P. A. Dwyer
58/1277	G. Margrave
1167742	Leo Mark
r/YoavRaz	Yoav Raz
31/2440	Robert W. Marti
m/BernardMoulin	Bernard Moulin
43/294	Ryohei Nakano
21/6362	Shuji Nakata
28/890	Go Yamazaki
51/1535	A. Cheng
77/6100	Harold W. Noffke
99/4772	Erika Nyari
16/1833	Harry M. Sneed
22/4177	Enrique H. Ruspini
61/2442	Robert Fraley
38/4245	Wolf-Rüdiger Gawron
29/1370	Maurizio Talamo
87/3066	Peter Ursprung
24/5141	Carl August Zehnder
41/4994	Erwin H. Warshawsky
83/5277	Zhi-Qian Zhang
m/AOMendelzon	Alberto O. Mendelzon
99/3593	R. P. Zimmerman
96/3592	Barbara A. Bochenski
24/5003	Henri Briand
68/1128	C. Ducateau
66/2328	Y. Hebrail
69/3197	Danièle Hérin-Aime
30/3110	Bogdan D. Czejdo
15/3194	Esther L. Dechow
58/4661	Radu-Anton Eftimie
74/3754	Jean-Claude Nikles
35/5566	Vincent Giard
1412181	John E. Gessford
67/5546	Paul C. Gilmore
91/4267	Alvaro Perry
87/6258	M'hamed Bouziane
66/6615	Waiman Cheung
53/3638	Zanthe Information
43/6679	Sirkka L. Jarvenpaa
32/4664	Jefry J. Machesky
67/2932	R. G. G. Cattell
35/5008	Wojtek Kozaczynski
l/TELindquist	Timothy E. Lindquist
40/5603	Patricia K. Lawlis
83/6298	Donald P. Levine
48/2214	Robert W. Mantha
1550912	Dzenan Ridjanovic
36/4746	Judith Newton
53/2872	T. R. Rogers
85/2356	Richard A. Spencer
58/3034	Doron Steinberg
k/EliezerKantorowitz	Eliezer Kantorowitz
s/RudiStuder	Rudi Studer
54/401	Alexandre P. de Carvalho
97/850	L. F. G. G. M. Ridolfi
50/3009	Ching-Ming Chao
k/DavidChenhoKung	David Chenho Kung
45/3777	Stephen Ferg
58/1769-1	Bernd Meyer 0001
32/4034	Gerd Westerman
46/6401	Guido Geerts
1120382	Andrea S. Hemerly
54/6518	Eduardo Meira Peres
76/1968	Klaus Hülsmann
89/605	Janani Janakiraman
34/86	Chris Warack
98/1138	Gyan Bhal
25/3237	Thorsten Hartmann
1385976	Michael F. Kilian
92/2513	J. Nachouki
04/718	Marie-Pierre Chastang
86/6391	A. Balaraman
44/2304	Edward Sciore
71/176	Graeme Simsion
1547169	Edward A. Forbes
42/4736	Asterio K. Tanaka
65/1311	Charalampos I. Theodoulidis
37/1829	David Dreyer
33/6092	Nong Zhou
16/636	Mohd Syazwan Abdullah
49/4855	Ian D. Benest
p/RichardFPaige	Richard F. Paige
33/236	Chris Kimble
28/895	Daniel Thembinkosi Semwayo
b/CristianaBolchini	Cristiana Bolchini
13/2344	Rosalba Rossato
33/1865	Pierre-Antoine Champin
h/GeertJanHouben	Geert-Jan Houben
t/PhilippeThiran	Philippe Thiran
87/982	Walid Gaaloul
00/1887	Sami Bhiri
1454914	Armin Haller
1846728	George Koliadis
23/291	Arthur Chueng
j/MustafaJarrar	Mustafa Jarrar
93/2334	Yong Li
65/6376	Amy Lo
33/4232	Ruopeng Lu
k/MarkusKirchberg	Markus Kirchberg
m/SvetlanaMansmann	Svetlana Mansmann
18/6780	Thomas Neumuth
s/MarcHScholl	Marc H. Scholl
75/972	Peter Mork
p/PaoloPapotti	Paolo Papotti
67/2097	Xueming Li
50/1035	Julien Ponge
23/1370	Franck Ravat
t/OlivierTeste	Olivier Teste
90/40	Ronan Tournier
s/TorStalhane	Tor Stålhane
89/5615	Bo Chen
63/6372	Doris E. Altenkrüger
86/3924	L. Furlani
n/EnricoNardelli	Enrico Nardelli
83/2691	J.-F. Hue
37/5679	Y. Simon
63/5117	George R. Wang
30/2809	Jacques Cazin
53/1200	René Jacquart
67/138	P. Michel
44/5933	Roger E. Cooley
92/5536	N. Erol
43/6777	Radu-Anton Eftime
37/6931	Paul Feldman
38/2092	Guy Fitzgerald
44/5284	Richard F. Gilberg
37/1329	Alan H. Goldfine
97/6460	Sangki Han
72/2774	Jung Wan Cho
-127317	James P. Held
c/JohnVCarlis	John V. Carlis
79/1621	Edward T. Lee
35/1668	Martin E. Modell
39/300	Paula S. Newman
91/6601	Ole Oren
21/1674	Ashok Pahwa
91/2417	Xiaolei Qian
41/3320	Wolfgang Roesner
28/1636	Scott M. Staley
88/3828	David C. Anderson
56/5816	Fernando Vélez
28/3393	Annamaria Auddino
35/2678	Yves Dennebouy
34/478	Edi Fontana
36/3775	Gabriella Bono
31/2438	Paolo Ficorilli
b/SEBratsberg	Svein Erik Bratsberg
429374	Paul Buitelaar
09/564	Hong-Mei Chen Garcia
94/4493	Olivia R. Liu Sheng
79/2305	Michael Halper
g/JamesGeller	James Geller
p/YehoshuaPerl	Yehoshua Perl
57/3183	Norbert Kehrer
44/4448	Gustaf Neumann
28/926	Takao Miura
p/FioraPirri	Fiora Pirri
p/ClaraPizzuti	Clara Pizzuti
52/2294	William Wei Song
b/JABubenko	Janis A. Bubenko Jr.
30/204	Markus Tresch
97/97	Jian Zhou
b/PBaumann-5	Peter Baumann 0005
181/1848-3	Yang Xiao 0003
62/1192	Susan Darling Urban
44/1117	Ning Liao
19/2776	Joseph Fong
14/1830	Michael Ho
137/2787	Josefine Harzmann
1246665	Charles F. Wagner
88/6487	Manos Theodorakis
81/5223	James P. Davis
24/1227	Ronald D. Bonnell
62/1703	Pedro M. Gualandi
99/3231	Anelise P. Braga
66/4952	Burt M. Leavenworth
98/758	Boleslaw Mikolajczak
72/6380	Zuyan Wang
l/KJLieberherr	Karl J. Lieberherr
43/454	Paul L. Bergstein
67/3513	Ignacio Silva-Lepe
76/1506	Nassima Sadou
84/5123	Dalila Tamzalit
s/PeterScheuermann	Peter Scheuermann
36/6919	Gerd Schiffner
86/1487	H. Weber
48/2485	Chiara Francalanci
779489	Paul K. Blackwell
39/4638	A. M. Awong
24/2743	Guangping Wei
61/5698	Amílcar Sernadas
655399	Cristina Sernadas